-- イニシャルデータの投入SQL
-- 質問には語尾の句点なし、回答には句点あり
-- categoriesテーブル
INSERT INTO categories (name) VALUES
('ストリート'),
('クラブ'),
('マッチングアプリ'),
('その他');

-- questionsテーブル
INSERT INTO questions (text, category, status) VALUES
('初めましての待ち合わせ時に正しいものはどれ?', 4, 0), 
('2人(コンビ)で声をかける時にやってはいけないことはどれ？', 1, 0),
('自分の鍛えられた身体の写真をプロフィールに使うのはあり？', 3, 0),
('クラブでは踊りまくる方が良い？', 2, 0),
('一眼レフで撮ったような写真をプロフィールに使用するのは良い？', 3, 0),
('マッチングアプリでLINEやインスタに移行するのは大事？', 3, 0), 
('初めて会う夜職女性をカフェに誘うのはあり?', 3, 0),
('女性から会いたいとかお家行きたいと言われた時の正しい行動は？', 4, 0),
('女性とのメッセージの返信スピードで正しい物はどれ？', 4, 0),
('女性と食事に行った際にメニューを選ぶ場面で正しいものはどれ？', 4, 0),
('彼女にしたい女性を初日で家やホテルに誘うのは良い？', 4, 0),
('経験値がない時から、可愛い子ばかり狙った方が良い？', 4, 0),
('クラブ内ではできる限り身長を靴などで靴などで盛った方が良い？', 2, 0),
('女性と連絡先を交換する時に交換する物として正しいものはどれ？', 4, 0),
('マッチングしたらすぐにメッセージを送るべき？', 3, 0),
('興味ある女性から夜中に会えないかと電話があったが、自分はオナニーしてしまっていて眠さもある。どうする？', 4, 0),
('女性と話している時に「彼女できたことない。」や「女性と普段あまり話さない。」等の女性経験の少なさを話すべき？', 4, 0),
('女性をデートに誘う時はいつ空いてる？と聞くより自分は何日が空いてるけどどう？と聞く方が良い？', 4, 0),
('マッチングアプリのやり取りで素っ気ないが返事は返ってきている。これは可能性ある？', 3, 0),
('優しさだと思い初デートの相手にお店を決めてもらう', 4, 0),
('相手の外見を褒めまくるのは良いこと？', 4, 0),
('女性をデートに誘う時にいつでも空いてるよ！と言うのはあり？', 4, 0),
('みんなが声をかけて無視されているからと言って声をかけるのはやめておこう', 1, 0),
('初回のデート等でボディータッチをたくさんするのはあり？', 4, 0),
('女性を何々ちゃんと呼ぶ', 4, 0),
('クラブで男性と話している女性に声をかけない', 2, 0),
('プロフィールの下に「避妊はしてね」等下を連想させる事を書いてる女性だから「家に来てよ」などと最初の方から攻める', 3, 0),
('ナンパする場所として一番正しいものはどれ？', 1, 0),
('ナンパしていて彼氏と名乗る男が現れ「俺の女に何してんだよ！」と言いがかりをつけてきたので反抗する', 1, 0),
('女性にブロックされたから凄く気にして凹む', 4, 0),
('クラブに入って(クラブ閉店までまだ時間がある)直ぐにナンパしまくる', 2, 0),
('クラブの外で2:2で分かれようと思っているが、クラブの中ではずっと4人で喋っていた', 2, 0),
('ストリートナンパして個室に連れ込んだ女性が18歳以下だったがそのまま行為した', 1, 0),
('ティンダーで最初に長文の真面目なメッセージを送る', 3, 0),
('2:2に分かれたいから、クラブで外行こうと言うと「ラーメン食べたい!」と言われたからみんなで行くことにした', 2, 0),
('ティンダーのプロフィールに長文で色々と書いた', 3, 0),
('マッチングアプリのプロフィールに異性の推しまたはそれが分かるような写真を載せた', 3, 0),
('初めてのデートで相手が自分に興味ない仕草として正しいものは次のうちどれ？', 4, 0),
('プロフィールに「ヤリモクが〜」とか書いている人に対して正しいのは次のうちどれ？', 3, 0),
('本当はしたいのにも関わらず「何もしないから家行こう！」と誘うのは良い？', 4, 0),
('Instagram(インスタ)はやった方が良い？', 4, 0);

-- answersテーブル
-- 正解を表示するテーブル
INSERT INTO answers (quiz_id, text, category) VALUES
(1, '早く到着するとその日をとても楽しみにしていた感が出て非モテ感が出てしまう為。', 4),
(2, '挟み込まれた女性は左右に知らない男性がいて怖いと感じることが少なからずある為', 4),
(3, 'ナルシスト感が出る為現段階では女性のウケは悪い。しかしごく一部の筋肉好きには刺さるかもしれないが、やめておいた方が無難。', 3),
(4, '基本的には楽しそうにするのが大事なので踊るべき。しかし激しくて人に当たるとかは相手を不快にさせてしまう可能性があるのでNG。', 2),
(5, '本気でマッチング用の写真を撮っているのが相手に伝わり微妙。スマホで撮った自然なもんが良い。(友人が撮った感)', 3),
(6, '大事!!女性は男性の数十倍のメッセージ来ており直ぐに埋もれて、返ってこなくなりがち。LINEやインスタだと埋もれにくい。(特別感が出る)', 3),
(7, '最初は誘わない方が無難。無難に飲みやご飯が良い。カフェ好きじゃないという人が多め。', 3),
(8, '引きの姿勢が大切。喜んで会いたがると途端に萎える女性が多い。', 4),
(9, '相手の返信スピードに合わせるのがベスト。早いのが好きな人は早いし、遅い方が好きな人は遅い為。', 4),
(10, '迷っている姿は基本的に相手に弱々しく映る。嫌いなものだけ聞いて「これが良い！」という風にするのがベスト。', 4),
(11, 'やめた方が良い。「いつもそうしてるんだ」、「大切にしてくれなさそう」と思われて次に繋がりにくい。', 4),
(12, 'やめた方が良い。そもそも難易度が高く失敗が続き成功体験が積めず挫折に繋がる。対して可愛くない子は難易度は低く成功体験が積みやすく自信になる。', 4),
(13, '必ず盛った方が良い。女性は残酷だが高身長であればあるほど魅力を感じるもの。', 2),
(14, 'LINEが一番いい。インスタなどは投稿やストーリーで減点を喰らう可能性がある。仲良くなるまではLINEが良い。', 4),
(15, '送った方が良い。ユーザーとしてのスコアも上がるし、放置しているとマッチ解除される恐れもあるから。', 3),
(16, '奮い立たせて絶対行くべき。後日にしようとするとうまくいかないことが多い。タイミングに合わせることはとても大事。据え膳食わぬは男の恥ということわざもあるくらいですし...', 4),
(17, '話さない方が良い。相手にはこの人モテるのかな？と思わせることが大切。それから外れてしまうトークはやめた方が良い。', 4),
(18, 'その通り。いついつが空いていると相手に送るのは面倒なもの。自分から予定を提示した方が成功率は上がる。', 4),
(19, '可能性あり。マッチングアプリみたいにどこの誰か分からない相手ならば無しだと返事が返ってこなくなる。返事が来てる時点で可能性あり。', 3),
(20, '良くない。男らしく自分が決める方が基本的に評価高い。それか数件選んでその中から相手に選択してもらうようにすると良い。', 4),
(21, 'あまり良くない。むしろ殆ど褒めなくて良い。色んな人に言っていると思われるし、どこかモテない感じが出る。褒めるべきなのは相手の考えや行動。', 4),
(22, 'なし。この人暇な人なんだと魅力が下がる。少しくらい忙しい人間の方が魅力的で忙しいが自分の為に予定を開けてくれたと思ってもらうのがベスト。', 4),
(23, '気にせず声かけたほうが良い。自分は刺さるかもしれないし、話かけてみるまでどうなるか分からない。', 1),
(24, 'しないほうが良い。基本的にデート中に下心が見え見えなのは減点をくらう。', 4),
(25, '良くない。下の名前呼び捨てで呼ぼう。ちゃんは非モテ感が出てしまう。', 4),
(26, '良くない。男性と話しているからと言ってその男性を気に入っているとは限らない。むしろ嫌がっている事も多々あり、助けると好感度が上がる。', 2),
(27, '良くない。いくら下を連想させるプロフィールだとしてもいきなり誘うのではなく、あくまで普通の話で和んでから誘うようにしよう。', 3),
(28, 'どれもあまり良くないが、この中であればこれ1択。他はリスクだけが高く成功率が極めて低い。作者は全てあります笑', 1),
(29, '良くない。女性の前なので男も引き下がらないしトラブルに発展する可能性あり。素直に謝って引き下がるのがベスト。', 1),
(30, '凹まなくて良い、女性なんて世の中に出会いきれないほどいるし、次に行けば良い。その心構えが大切。', 4),
(31, '良くない。最初は女性に声をかけまくらず友達と楽しんでいる風にしているのが良い。ナンパしまくっている人というイメージが付く。', 2),
(32, '良くない。クラブの中でも2:2で分かれて話すタイミングを設けるべき、実験的にそうしても良い。それができないと外でも難しくなる。', 2),
(33, '絶対ダメ。確率論で逮捕されます。作者の知り合いは逮捕され5年禁固刑らしいです。恐ろしいです。', 1),
(34, '良くない。何故かティンダーでは短文のメッセージが基本的にはうける。', 3),
(35, '良くない。相手に主導権を取られると、その後の例えば2:2に別れようとかが通りにくくなる。4人で仲良くしたいなら良い。', 2),
(36, '良くない。アプリの性質上軽い感じでやっている人が多い。４行くらいのプロフィールの方が万人に受ける。', 3),
(37, '良くない。これは男女ともにそうだが異性と会うアプリなんだから他の好きな異性を匂わせない方が良い。', 3),
(38, 'これは質問してこない。他は恥ずかしいとか癖みたいなのがあるが、質問してこないのは大半が興味ない。私も質問がないと終わったと思います(笑)', 4),
(39, 'ほとんど無理って訳ではないが、体感50%くらい初回では断られる印象。', 3),
(40, '良くない。一貫性の法則が働くので、何もしないってさっき言ったじゃん。ってなりがち。"何もしない"は言わないでおこう。', 4),
(41, '年齢関係なくやった方が良い。「LINE交換しよう」と言った際に「インスタなら!」と言われることはよくあるので。', 4);

-- quiz_choicesテーブル
-- 選択肢を管理するテーブル
INSERT INTO quiz_choices (quiz_id, choice_text, is_correct) VALUES
(1, '5分前に到着する', false),
(1, '30分前に到着する', false),
(1, '5分遅れで到着する', true),
(1, '30分遅れで到着する', false),
(2, '左右から挟み込むように声をかける', true),
(2, '真正面から2人で声をかける', false),
(2, '左右どちらか片側から2人で声をかける', false),
(2, '最初に片方が声を賭けに行ってからその後もう一人が声をかけに行く', false),
(3, 'あり', false),
(3, 'なし', true),
(4, 'はい', true),
(4, 'いいえ', false),
(5, 'はい', false),
(5, 'いいえ', true),
(6, 'はい', true),
(6, 'いいえ', false),
(7, 'あり', false),
(7, 'なし', true),
(8, '少し引きの姿勢で返信する', true),
(8, '会いたい！と嬉しい気持ちを出して返信する', false),
(8, '無視する', false),
(9, '常に早めに返す', false),
(9, '常に遅めに返す', false),
(9, '相手の返信スピードに合わせる', true),
(10, '相手に決めさせる', false),
(10, '相手の嫌いな物だけ気にして迷いながら自分でほとんど決める', false),
(10, '相手の嫌いな物だけ気にしてあまり迷わず自分でほとんど決める', true),
(11, 'あり', false),
(11, 'なし', true),
(12, 'はい', false),
(12, 'いいえ', true),
(13, 'はい', true),
(13, 'いいえ', false),
(14, 'LINE', true),
(14, 'Instagram', false),
(14, 'メールアドレス', false),
(15, 'はい', true),
(15, 'いいえ', false),
(16, '奮い立たせ頑張って行く', true),
(16, 'オナニーしたからまた今度にしようと言う', false),
(16, '眠いからまた今度にしようと言う', false),
(17, 'はい', false),
(17, 'いいえ', true),
(18, 'はい', true),
(18, 'いいえ', false),
(19, 'ある', true),
(19, 'なし', false),
(20, 'はい', false),
(20, 'いいえ', true),
(21, 'はい', false),
(21, 'いいえ', true),
(22, 'あり', false),
(22, 'なし', true),
(23, 'はい', false),
(23, 'いいえ。話かける', true),
(24, 'あり', false),
(24, 'なし', true),
(25, 'あり', false),
(25, 'なし', true),
(26, 'かける', true),
(26, 'かけない', false),
(27, '攻める', false),
(27, '攻めない', true),
(28, '人が多くてぶつかりそうな場所', false),
(28, '周りにナンパしている人がたくさんいる場所', true),
(28, '人気が無いところ(ローカルの駅等)', false),
(28, '電車の中', false),
(29, '反抗する', false),
(29, '謝って去る', true),
(30, '凹む', false),
(30, '凹まない', true),
(31, 'はい', false),
(31, 'いいえ', true),
(32, 'はい', false),
(32, 'いいえ', true),
(33, 'はい', false),
(33, 'いいえ', true),
(34, 'はい', false),
(34, 'いいえ', true),
(35, '行く', false),
(35, '行かない', true),
(36, 'はい', false),
(36, 'いいえ', true),
(37, 'はい', false),
(37, 'いいえ', true),
(38, '相手が質問してこない', true),
(38, '相手が自分の目を見て話さない', false),
(38, '相手が自分のスマホをよく見ている', false),
(38, '相手が自分を褒めてこない', false),
(39, '初回で絶対にできない', false),
(39, 'なんだかんだ初回でもほぼできる', false),
(39, '初回でできることもあるが、無理なことの方が多い', true),
(40, 'はい', false),
(40, 'いいえ', true),
(41, 'はい', true),
(41, 'いいえ', false);

-- quiz_resultsテーブル
-- クイズ結果を管理するテーブル